model,test,train
ARIMA,9.669730568317023,8.124118755781323
KNN,5.578629859661879,5.642694391866354
SGD,3812942724914.468,3010744768238.7144
RandomForest,5.598839472450867,5.430998606554948
AdaBoost,5.888594849454594,5.838233800666152
GaussianProcess,5.61206919340218,5.356656808124194
RNNAll,9.300861003903918,6.3202304328802255
