model,test,train
ARIMA,9.673560465667576,8.124120759243057
KNN,5.578629859661879,5.642694391866354
SGD,2627991342052.405,2078602650236.014
RandomForest,5.600316746631309,5.51037125396197
AdaBoost,5.6715141686658015,5.827523463448839
GaussianProcess,5.612064722788344,5.356656765250375
